File name,Creation Date,Image Type,Facing,Packaging Type,Packaging Material,Fill Type,GTIN
22151179_1_ucb.JPG,10092021,Product Packaged (single),Back,Box,Paper,Single Product,22151179
22151179_2_ucb.JPG,10092021,Product Packaged (single),Back,Box,Paper,Single Product,22151179
22151179_3_ucb.JPG,10092021,Product Packaged (single),Front,Box,Paper,Single Product,22151179
22151179_4_ucb.JPG,10092021,Product Packaged (single),Not-Front,Box,Paper,Single Product,22151179
4005500087151_1_ucb.JPG,13092022,Product Packaged (single),Left,Bottle,Glass,Single Product,4005500087151
4005500087151_2_ucb.JPG,13092022,Product Packaged (single),Back,Bottle,Glass,Single Product,4005500087151
4005500087151_3_ucb.JPG,13092022,Product Packaged (single),Right,Bottle,Glass,Single Product,4005500087151
4005500087151_4_ucb.JPG,13092022,Product Packaged (single),Front,Bottle,Glass,Single Product,4005500087151
4008452031067_1_ucb.JPG,10092021,Product Packaged (single),Unspecified,Cup / Tub,Plastic,Single Product,4008452031067
4008452031067_2_ucb.JPG,10092021,Product Packaged (single),Front,Cup / Tub,Plastic,Single Product,4008452031067
4008452031067_3_ucb.JPG,10092021,Product Packaged (single),Left,Cup / Tub,Plastic,Single Product,4008452031067
4008452031067_4_ucb.JPG,10092021,Product Packaged (single),Front,Cup / Tub,Plastic,Single Product,4008452031067
4008452031067_5_ucb.JPG,10092021,Product Packaged (single),Right,Cup / Tub,Plastic,Single Product,4008452031067
4008452031067_6_ucb.JPG,10092021,Product Packaged (single),Unspecified,Cup / Tub,Plastic,Single Product,4008452031067
4009286154359_1_ucb.JPG,13092022,Product Packaged (single),Not-Front,Box,Paper,Single Product,4009286154359
4009286154359_2_ucb.JPG,13092022,Product Packaged (single),Front,Box,Paper,Single Product,4009286154359
4009286154359_3_ucb.JPG,13092022,Product Packaged (single),Right,Box,Paper,Single Product,4009286154359
4009286154359_4_ucb.JPG,13092022,Product Packaged (single),Back,Box,Paper,Single Product,4009286154359
4009286154359_5_ucb.JPG,13092022,Product Packaged (single),Left,Box,Paper,Single Product,4009286154359
4009286154359_6_ucb.JPG,13092022,Product Packaged (single),Not-Front,Box,Paper,Single Product,4009286154359
4011932236012_1_ucb.JPG,20052021,Product Packaged (single),Not-Front,Box,Paper,Single Product,4011932236012
4011932236012_2_ucb.JPG,20052021,Product Packaged (single),Not-Front,Box,Paper,Single Product,4011932236012
4011932236012_3_ucb.JPG,20052021,Product Packaged (single),Not-Front,Box,Paper,Single Product,4011932236012
4011932236012_4_ucb.JPG,20052021,Product Packaged (single),Not-Front,Box,Paper,Single Product,4011932236012
4011932236012_5_ucb.JPG,20052021,Product Packaged (single),Front,Box,Paper,Single Product,4011932236012
4011932236012_6_ucb.JPG,20052021,Product Packaged (single),Front,Box,Paper,Single Product,4011932236012
4011932236012_7_ucb.JPG,20052021,Product Packaged (single),Back,Box,Paper,Single Product,4011932236012
4014500517407_1_ucb.JPG,10092021,Product Packaged (single),Right,Cup / Tub,Plastic,Single Product,4014500517407
4014500517407_2_ucb.JPG,10092021,Product Packaged (single),Front,Cup / Tub,Plastic,Single Product,4014500517407
4014500517407_3_ucb.JPG,10092021,Product Packaged (single),Right,Cup / Tub,Plastic,Single Product,4014500517407
4014500517407_4_ucb.JPG,10092021,Product Packaged (single),Front,Cup / Tub,Plastic,Single Product,4014500517407
4023900544869_1_ucb.JPG,10092021,Product Packaged (single),Not-Front,Jar,Glass,Single Product,4023900544869
4023900544869_2_ucb.JPG,10092021,Product Packaged (single),Left,Jar,Glass,Single Product,4023900544869
4023900544869_3_ucb.JPG,10092021,Product Packaged (single),Front,Jar,Glass,Single Product,4023900544869
4023900544869_4_ucb.JPG,10092021,Product Packaged (single),Right,Jar,Glass,Single Product,4023900544869
4060800300324_1_ucb.JPG,10092021,Product Packaged (single),Left,Bottle,Plastic,Single Product,4060800300324
4060800300324_2_ucb.JPG,10092021,Product Packaged (single),Front,Bottle,Plastic,Single Product,4060800300324
4060800300324_3_ucb.JPG,10092021,Product Packaged (single),Not-Front,Bottle,Plastic,Single Product,4060800300324
4060800300324_4_ucb.JPG,10092021,Product Packaged (single),Right,Bottle,Plastic,Single Product,4060800300324
4060800300324_5_ucb.JPG,10092021,Product Packaged (single),Back,Bottle,Plastic,Single Product,4060800300324
4060800300324_6_ucb.JPG,10092021,Product Packaged (single),Not-Front,Bottle,Plastic,Single Product,4060800300324
4061458000888_1_ucb.JPG,17062021,Product Packaged (single),Not-Front,Box,Paper,Single Product,4061458000888
4061458000888_2_ucb.JPG,17062021,Product Packaged (single),Not-Front,Box,Paper,Single Product,4061458000888
4061458000888_3_ucb.JPG,17062021,Product Packaged (single),Not-Front,Box,Paper,Single Product,4061458000888
4061458000888_4_ucb.JPG,17062021,Product Packaged (single),Front,Box,Paper,Single Product,4061458000888
4061458000888_5_ucb.JPG,17062021,Product Packaged (single),Not-Front,Box,Paper,Single Product,4061458000888
4061458000970_1_ucb.JPG,1072021,Product Packaged (single),Not-Front,Box,Paper,Single Product,4061458000970
4061458000970_2_ucb.JPG,1072021,Product Packaged (single),Front,Box,Paper,Single Product,4061458000970
4061458000970_3_ucb.JPG,1072021,Product Packaged (single),Not-Front,Box,Paper,Single Product,4061458000970
4061458000970_4_ucb.JPG,1072021,Product Packaged (single),Not-Front,Box,Paper,Single Product,4061458000970
4061458003889_1_ucb.JPG,17062021,Product Packaged (single),Left,Box,Paper,Single Product,4061458003889
4061458003889_2_ucb.JPG,17062021,Product Packaged (single),Front,Box,Paper,Single Product,4061458003889
4061458003889_3_ucb.JPG,17062021,Product Packaged (single),Right,Box,Paper,Single Product,4061458003889
4061458003889_4_ucb.JPG,17062021,Product Packaged (single),Back,Box,Paper,Single Product,4061458003889
4061458004206_1_ucb.JPG,10092021,Product Packaged (single),Left,Jar,Glass,Single Product,4061458004206
4061458004206_2_ucb.JPG,10092021,Product Packaged (single),Front,Jar,Glass,Single Product,4061458004206
4061458004206_3_ucb.JPG,10092021,Product Packaged (single),Right,Jar,Glass,Single Product,4061458004206
4061458004206_4_ucb.JPG,10092021,Product Packaged (single),Back,Jar,Glass,Single Product,4061458004206
4061458006897_1_ucb.JPG,17062021,Product Packaged (single),Right,Jar,Glass,Single Product,4061458006897
4061458006897_2_ucb.JPG,17062021,Product Packaged (single),Left,Jar,Glass,Single Product,4061458006897
4061458006897_3_ucb.JPG,17062021,Product Packaged (single),Not-Front,Jar,Glass,Single Product,4061458006897
4061458006897_4_ucb.JPG,17062021,Product Packaged (single),Front,Jar,Glass,Single Product,4061458006897
4061458006897_5_ucb.JPG,17062021,Product Packaged (single),Not-Front,Jar,Glass,Single Product,4061458006897
4061458016933_1_ucb.JPG,10092021,Product Packaged (single),Left,Jar,Glass,Single Product,4061458016933
4061458016933_2_ucb.JPG,10092021,Product Packaged (single),Front,Jar,Glass,Single Product,4061458016933
4061458016933_3_ucb.JPG,10092021,Product Packaged (single),Right,Jar,Glass,Single Product,4061458016933
4061458016933_4_ucb.JPG,10092021,Product Packaged (single),Back,Jar,Glass,Single Product,4061458016933
4061458016933_5_ucb.JPG,10092021,Product Packaged (single),Not-Front,Jar,Glass,Single Product,4061458016933
4061458040716_1_ucb.JPG,10092021,Product Packaged (single),Back,Jar,Glass,Single Product,4061458040716
4061458040716_2_ucb.JPG,10092021,Product Packaged (single),Front,Jar,Glass,Single Product,4061458040716
4061458040716_3_ucb.JPG,10092021,Product Packaged (single),Not-Front,Jar,Glass,Single Product,4061458040716
4061458040716_4_ucb.JPG,10092021,Product Packaged (single),Not-Front,Jar,Glass,Single Product,4061458040716
4061458072465_1_ucb.JPG,17062021,Product Packaged (single),Back,Bottle,Plastic,Single Product,4061458072465
4061458072465_2_ucb.JPG,17062021,Product Packaged (single),Front,Bottle,Plastic,Single Product,4061458072465
4061458079525_1_ucb.JPG,17062021,Product Packaged (single),Back,Can,Metal,Single Product,4061458079525
4061458079525_2_ucb.JPG,17062021,Product Packaged (single),Left,Can,Metal,Single Product,4061458079525
4061458079525_3_ucb.JPG,17062021,Product Packaged (single),Front,Can,Metal,Single Product,4061458079525
4061458079525_4_ucb.JPG,17062021,Product Packaged (single),Right,Can,Metal,Single Product,4061458079525
4061458079525_5_ucb.JPG,17062021,Product Packaged (single),Not-Front,Can,Metal,Single Product,4061458079525
4061458079525_6_ucb.JPG,17062021,Product Packaged (single),Not-Front,Can,Metal,Single Product,4061458079525
4061458144827_1_ucb.JPG,1072021,Product Packaged (single),Not-Front,Box,Paper,Single Product,4061458144827
4061458144827_2_ucb.JPG,1072021,Product Packaged (single),Front,Box,Paper,Single Product,4061458144827
4061458144827_3_ucb.JPG,1072021,Product Packaged (single),Not-Front,Box,Paper,Single Product,4061458144827
4061458144827_4_ucb.JPG,1072021,Product Packaged (single),Not-Front,Box,Paper,Single Product,4061458144827
4061458221337_1_ucb.JPG,1072021,Product Packaged (single),Left,Bottle,Plastic,Single Product,4061458221337
4061458221337_2_ucb.JPG,1072021,Product Packaged (single),Front,Bottle,Plastic,Single Product,4061458221337
4061458221337_3_ucb.JPG,1072021,Product Packaged (single),Right,Bottle,Plastic,Single Product,4061458221337
4061458221337_4_ucb.JPG,1072021,Product Packaged (single),Back,Bottle,Plastic,Single Product,4061458221337
4061458221337_5_ucb.JPG,1072021,Product Packaged (single),Not-Front,Bottle,Plastic,Single Product,4061458221337
4061458252645_1_ucb.JPG,1072021,Product Packaged (single),Right,Can,Metal,Single Product,4061458252645
4061458252645_2_ucb.JPG,1072021,Product Packaged (single),Back,Can,Metal,Single Product,4061458252645
4061458252645_3_ucb.JPG,1072021,Product Packaged (single),Left,Can,Metal,Single Product,4061458252645
4061458252645_4_ucb.JPG,1072021,Product Packaged (single),Front,Can,Metal,Single Product,4061458252645
4061458252669_1_ucb.JPG,1072021,Product Packaged (single),Left,Bottle,Plastic,Single Product,4061458252669
4061458252669_2_ucb.JPG,1072021,Product Packaged (single),Not-Front,Bottle,Plastic,Single Product,4061458252669
4061458252669_3_ucb.JPG,1072021,Product Packaged (single),Front,Bottle,Plastic,Single Product,4061458252669
4061458252669_4_ucb.JPG,1072021,Product Packaged (single),Right,Bottle,Plastic,Single Product,4061458252669
4061458252669_5_ucb.JPG,1072021,Product Packaged (single),Back,Bottle,Plastic,Single Product,4061458252669
4104420021242_1_ucb.JPG,20052021,Product Packaged (single),Back,Jar,Glass,Single Product,4104420021242
4104420021242_2_ucb.JPG,20052021,Product Packaged (single),Left,Jar,Glass,Single Product,4104420021242
4104420021242_3_ucb.JPG,20052021,Product Packaged (single),Not-Front,Jar,Glass,Single Product,4104420021242
4104420021242_4_ucb.JPG,20052021,Product Packaged (single),Front,Jar,Glass,Single Product,4104420021242
4104420021242_5_ucb.JPG,20052021,Product Packaged (single),Right,Jar,Glass,Single Product,4104420021242
4104420021242_6_ucb.JPG,20052021,Product Packaged (single),Right,Jar,Glass,Single Product,4104420021242
4104420021242_7_ucb.JPG,20052021,Product Packaged (single),Not-Front,Jar,Glass,Single Product,4104420021242
4305615662886_1_ucb.JPG,10092021,Product Packaged (single),Left,Bottle,Glass,Single Product,4305615662886
4305615662886_2_ucb.JPG,10092021,Product Packaged (single),Front,Bottle,Glass,Single Product,4305615662886
4305615662886_3_ucb.JPG,10092021,Product Packaged (single),Right,Bottle,Glass,Single Product,4305615662886
4305615662886_4_ucb.JPG,10092021,Product Packaged (single),Back,Bottle,Glass,Single Product,4305615662886
4316268591867_1_ucb.JPG,10092021,Product Packaged (single),Left,Pouch,Paper,Single Product,4316268591867
4316268591867_2_ucb.JPG,10092021,Product Packaged (single),Front,Pouch,Paper,Single Product,4316268591867
4316268591867_3_ucb.JPG,10092021,Product Packaged (single),Right,Pouch,Paper,Single Product,4316268591867
4316268591867_4_ucb.JPG,10092021,Product Packaged (single),Back,Pouch,Paper,Single Product,4316268591867
5000112548167_1_ucb.JPG,20052021,Product Packaged (single),Left,Bottle,Plastic,Single Product,5000112548167
5000112548167_2_ucb.JPG,20052021,Product Packaged (single),Not-Front,Bottle,Plastic,Single Product,5000112548167
5000112548167_3_ucb.JPG,20052021,Product Packaged (single),Front,Bottle,Plastic,Single Product,5000112548167
5000112548167_4_ucb.JPG,20052021,Product Packaged (single),Not-Front,Bottle,Plastic,Single Product,5000112548167
5000112548167_5_ucb.JPG,20052021,Product Packaged (single),Right,Bottle,Plastic,Single Product,5000112548167
5000112548167_6_ucb.JPG,20052021,Product Packaged (single),Back,Bottle,Plastic,Single Product,5000112548167
5000112548167_7_ucb.JPG,20052021,Product Packaged (single),Not-Front,Bottle,Plastic,Single Product,5000112548167
5000112548167_8_ucb.JPG,20052021,Product Packaged (single),Not-Front,Bottle,Plastic,Single Product,5000112548167
5000159471510_1_ucb.JPG,17062021,Product Packaged (single),Back,Pouch,Plastic,Single Product,5000159471510
5000159471510_2_ucb.JPG,17062021,Product Packaged (single),Back,Pouch,Plastic,Single Product,5000159471510
5000159471510_3_ucb.JPG,17062021,Product Packaged (single),Back,Pouch,Plastic,Single Product,5000159471510
5000159471510_4_ucb.JPG,17062021,Product Packaged (single),Back,Pouch,Plastic,Single Product,5000159471510
5000159471510_5_ucb.JPG,17062021,Product Packaged (single),Front,Pouch,Plastic,Single Product,5000159471510
5000159471510_6_ucb.JPG,17062021,Product Packaged (single),Not-Front,Pouch,Plastic,Single Product,5000159471510
5600821261717_1_ucb.JPG,1072021,Product Packaged (single),Back,Can,Metal,Single Product,5600821261717
5600821261717_2_ucb.JPG,1072021,Product Packaged (single),Left,Can,Metal,Single Product,5600821261717
5600821261717_3_ucb.JPG,1072021,Product Packaged (single),Not-Front,Can,Metal,Single Product,5600821261717
5600821261717_4_ucb.JPG,1072021,Product Packaged (single),Front,Can,Metal,Single Product,5600821261717
5600821261717_5_ucb.JPG,1072021,Product Packaged (single),Right,Can,Metal,Single Product,5600821261717
5707196160192_1_ucb.JPG,13092022,Product Packaged (single),Not-Front,Box,Paper,Single Product,5707196160192
5707196160192_2_ucb.JPG,13092022,Product Packaged (single),Not-Front,Box,Paper,Single Product,5707196160192
5707196160192_3_ucb.JPG,13092022,Product Packaged (single),Front,Box,Paper,Single Product,5707196160192
5707196160192_4_ucb.JPG,13092022,Product Packaged (single),Right,Box,Paper,Single Product,5707196160192
5707196160192_5_ucb.JPG,13092022,Product Packaged (single),Back,Box,Paper,Single Product,5707196160192
5707196160192_6_ucb.JPG,13092022,Product Packaged (single),Left,Box,Paper,Single Product,5707196160192
76121043_1_ucb.JPG,20052021,Product Packaged (single),Back,Wrapper,Plastic,Single Product,76121043
76121043_2_ucb.JPG,20052021,Product Packaged (single),Front,Wrapper,Plastic,Single Product,76121043
90162565_1_ucb.JPG,17062021,Product Packaged (single),Right,Can,Metal,Single Product,90162565
90162565_2_ucb.JPG,17062021,Product Packaged (single),Not-Front,Can,Metal,Single Product,90162565
90162565_3_ucb.JPG,17062021,Product Packaged (single),Back,Can,Metal,Single Product,90162565
90162565_4_ucb.JPG,17062021,Product Packaged (single),Not-Front,Can,Metal,Single Product,90162565
90162565_5_ucb.JPG,17062021,Product Packaged (single),Left,Can,Metal,Single Product,90162565
90162565_6_ucb.JPG,17062021,Product Packaged (single),Front,Can,Metal,Single Product,90162565
90433627_1_ucb.JPG,17062021,Product Packaged (single),Right,Can,Metal,Single Product,90433627
90433627_2_ucb.JPG,17062021,Product Packaged (single),Left,Can,Metal,Single Product,90433627
90433627_3_ucb.JPG,17062021,Product Packaged (single),Front,Can,Metal,Single Product,90433627
90433627_4_ucb.JPG,17062021,Product Packaged (single),Not-Front,Can,Metal,Single Product,90433627
90433627_5_ucb.JPG,17062021,Product Packaged (single),Right,Can,Metal,Single Product,90433627
